[
    {
        "name": "justinrainbow/json-schema",
        "version": "3.0.1",
        "version_normalized": "3.0.1.0",
        "source": {
            "type": "git",
            "url": "https://github.com/justinrainbow/json-schema.git",
            "reference": "2128f9de8be4600c3394d94c3918faf67157b76b"
        },
        "dist": {
            "type": "zip",
            "url": "https://api.github.com/repos/justinrainbow/json-schema/zipball/2128f9de8be4600c3394d94c3918faf67157b76b",
            "reference": "2128f9de8be4600c3394d94c3918faf67157b76b",
            "shasum": ""
        },
        "require": {
            "php": ">=5.3.3"
        },
        "require-dev": {
            "json-schema/json-schema-test-suite": "1.2.0",
            "phpdocumentor/phpdocumentor": "~2",
            "phpunit/phpunit": "^4.8.22"
        },
        "time": "2016-08-26 12:45:49",
        "bin": [
            "bin/validate-json"
        ],
        "type": "library",
        "extra": {
            "branch-alias": {
                "dev-master": "3.0.x-dev"
            }
        },
        "installation-source": "dist",
        "autoload": {
            "psr-4": {
                "JsonSchema\\": "src/JsonSchema/"
            }
        },
        "notification-url": "https://packagist.org/downloads/",
        "license": [
            "MIT"
        ],
        "authors": [
            {
                "name": "Bruno Prieto Reis",
                "email": "bruno.p.reis@gmail.com"
            },
            {
                "name": "Justin Rainbow",
                "email": "justin.rainbow@gmail.com"
            },
            {
                "name": "Igor Wiedler",
                "email": "igor@wiedler.ch"
            },
            {
                "name": "Robert Schönthal",
                "email": "seroscho@googlemail.com"
            }
        ],
        "description": "A library to validate a json schema.",
        "homepage": "https://github.com/justinrainbow/json-schema",
        "keywords": [
            "json",
            "schema"
        ]
    },
    {
        "name": "guzzlehttp/promises",
        "version": "v1.3.1",
        "version_normalized": "1.3.1.0",
        "source": {
            "type": "git",
            "url": "https://github.com/guzzle/promises.git",
            "reference": "a59da6cf61d80060647ff4d3eb2c03a2bc694646"
        },
        "dist": {
            "type": "zip",
            "url": "https://api.github.com/repos/guzzle/promises/zipball/a59da6cf61d80060647ff4d3eb2c03a2bc694646",
            "reference": "a59da6cf61d80060647ff4d3eb2c03a2bc694646",
            "shasum": ""
        },
        "require": {
            "php": ">=5.5.0"
        },
        "require-dev": {
            "phpunit/phpunit": "^4.0"
        },
        "time": "2016-12-20 10:07:11",
        "type": "library",
        "extra": {
            "branch-alias": {
                "dev-master": "1.4-dev"
            }
        },
        "installation-source": "dist",
        "autoload": {
            "psr-4": {
                "GuzzleHttp\\Promise\\": "src/"
            },
            "files": [
                "src/functions_include.php"
            ]
        },
        "notification-url": "https://packagist.org/downloads/",
        "license": [
            "MIT"
        ],
        "authors": [
            {
                "name": "Michael Dowling",
                "email": "mtdowling@gmail.com",
                "homepage": "https://github.com/mtdowling"
            }
        ],
        "description": "Guzzle promises library",
        "keywords": [
            "promise"
        ]
    },
    {
        "name": "psr/http-message",
        "version": "1.0.1",
        "version_normalized": "1.0.1.0",
        "source": {
            "type": "git",
            "url": "https://github.com/php-fig/http-message.git",
            "reference": "f6561bf28d520154e4b0ec72be95418abe6d9363"
        },
        "dist": {
            "type": "zip",
            "url": "https://api.github.com/repos/php-fig/http-message/zipball/f6561bf28d520154e4b0ec72be95418abe6d9363",
            "reference": "f6561bf28d520154e4b0ec72be95418abe6d9363",
            "shasum": ""
        },
        "require": {
            "php": ">=5.3.0"
        },
        "time": "2016-08-06 14:39:51",
        "type": "library",
        "extra": {
            "branch-alias": {
                "dev-master": "1.0.x-dev"
            }
        },
        "installation-source": "dist",
        "autoload": {
            "psr-4": {
                "Psr\\Http\\Message\\": "src/"
            }
        },
        "notification-url": "https://packagist.org/downloads/",
        "license": [
            "MIT"
        ],
        "authors": [
            {
                "name": "PHP-FIG",
                "homepage": "http://www.php-fig.org/"
            }
        ],
        "description": "Common interface for HTTP messages",
        "homepage": "https://github.com/php-fig/http-message",
        "keywords": [
            "http",
            "http-message",
            "psr",
            "psr-7",
            "request",
            "response"
        ]
    },
    {
        "name": "guzzlehttp/psr7",
        "version": "1.4.2",
        "version_normalized": "1.4.2.0",
        "source": {
            "type": "git",
            "url": "https://github.com/guzzle/psr7.git",
            "reference": "f5b8a8512e2b58b0071a7280e39f14f72e05d87c"
        },
        "dist": {
            "type": "zip",
            "url": "https://api.github.com/repos/guzzle/psr7/zipball/f5b8a8512e2b58b0071a7280e39f14f72e05d87c",
            "reference": "f5b8a8512e2b58b0071a7280e39f14f72e05d87c",
            "shasum": ""
        },
        "require": {
            "php": ">=5.4.0",
            "psr/http-message": "~1.0"
        },
        "provide": {
            "psr/http-message-implementation": "1.0"
        },
        "require-dev": {
            "phpunit/phpunit": "~4.0"
        },
        "time": "2017-03-20 17:10:46",
        "type": "library",
        "extra": {
            "branch-alias": {
                "dev-master": "1.4-dev"
            }
        },
        "installation-source": "dist",
        "autoload": {
            "psr-4": {
                "GuzzleHttp\\Psr7\\": "src/"
            },
            "files": [
                "src/functions_include.php"
            ]
        },
        "notification-url": "https://packagist.org/downloads/",
        "license": [
            "MIT"
        ],
        "authors": [
            {
                "name": "Michael Dowling",
                "email": "mtdowling@gmail.com",
                "homepage": "https://github.com/mtdowling"
            },
            {
                "name": "Tobias Schultze",
                "homepage": "https://github.com/Tobion"
            }
        ],
        "description": "PSR-7 message implementation that also provides common utility methods",
        "keywords": [
            "http",
            "message",
            "request",
            "response",
            "stream",
            "uri",
            "url"
        ]
    },
    {
        "name": "guzzlehttp/guzzle",
        "version": "6.3.0",
        "version_normalized": "6.3.0.0",
        "source": {
            "type": "git",
            "url": "https://github.com/guzzle/guzzle.git",
            "reference": "f4db5a78a5ea468d4831de7f0bf9d9415e348699"
        },
        "dist": {
            "type": "zip",
            "url": "https://api.github.com/repos/guzzle/guzzle/zipball/f4db5a78a5ea468d4831de7f0bf9d9415e348699",
            "reference": "f4db5a78a5ea468d4831de7f0bf9d9415e348699",
            "shasum": ""
        },
        "require": {
            "guzzlehttp/promises": "^1.0",
            "guzzlehttp/psr7": "^1.4",
            "php": ">=5.5"
        },
        "require-dev": {
            "ext-curl": "*",
            "phpunit/phpunit": "^4.0 || ^5.0",
            "psr/log": "^1.0"
        },
        "suggest": {
            "psr/log": "Required for using the Log middleware"
        },
        "time": "2017-06-22 18:50:49",
        "type": "library",
        "extra": {
            "branch-alias": {
                "dev-master": "6.2-dev"
            }
        },
        "installation-source": "dist",
        "autoload": {
            "files": [
                "src/functions_include.php"
            ],
            "psr-4": {
                "GuzzleHttp\\": "src/"
            }
        },
        "notification-url": "https://packagist.org/downloads/",
        "license": [
            "MIT"
        ],
        "authors": [
            {
                "name": "Michael Dowling",
                "email": "mtdowling@gmail.com",
                "homepage": "https://github.com/mtdowling"
            }
        ],
        "description": "Guzzle is a PHP HTTP client library",
        "homepage": "http://guzzlephp.org/",
        "keywords": [
            "client",
            "curl",
            "framework",
            "http",
            "http client",
            "rest",
            "web service"
        ]
    },
    {
        "name": "php-opencloud/openstack",
        "version": "v2.0.12",
        "version_normalized": "2.0.12.0",
        "source": {
            "type": "git",
            "url": "https://github.com/php-opencloud/openstack.git",
            "reference": "8369248b07b1cffe10c5074adafb32cc399b0ab0"
        },
        "dist": {
            "type": "zip",
            "url": "https://api.github.com/repos/php-opencloud/openstack/zipball/8369248b07b1cffe10c5074adafb32cc399b0ab0",
            "reference": "8369248b07b1cffe10c5074adafb32cc399b0ab0",
            "shasum": ""
        },
        "require": {
            "guzzlehttp/guzzle": "~6.1",
            "justinrainbow/json-schema": "~3.0.0",
            "php": "~7.0"
        },
        "require-dev": {
            "friendsofphp/php-cs-fixer": "^1.0",
            "jakub-onderka/php-parallel-lint": "0.*",
            "phpunit/phpunit": "~4.0",
            "psr/log": "~1.0",
            "sami/sami": "dev-master",
            "satooshi/php-coveralls": "~1.0"
        },
        "time": "2017-07-14 07:39:28",
        "type": "library",
        "installation-source": "dist",
        "autoload": {
            "psr-4": {
                "OpenStack\\": "src/"
            }
        },
        "notification-url": "https://packagist.org/downloads/",
        "license": [
            "Apache-2.0"
        ],
        "authors": [
            {
                "name": "Jamie Hannaford",
                "email": "jamie.hannaford@rackspace.com",
                "homepage": "https://github.com/jamiehannaford"
            },
            {
                "name": "Ha Phan",
                "email": "thanhha.work@gmail.com",
                "homepage": "https://github.com/haphan"
            }
        ],
        "description": "PHP SDK for OpenStack APIs. Supports BlockStorage, Compute, Identity, Images, Networking and Metric Gnocchi",
        "homepage": "https://github.com/php-opencloud/openstack",
        "keywords": [
            "Openstack",
            "api",
            "php",
            "sdk"
        ]
    }
]
